{"cameraMode":{"drawMode":0,"name":"Shaded","section":"Shading Mode"},"sceneLighting":false,"audioPlay":false,"sceneViewState":{"showFog":false,"showMaterialUpdate":false,"showSkybox":false,"showFlares":false,"showImageEffects":false,"showParticleSystems":false},"in2DMode":false,"pivot":{"x":-37.65692138671875,"y":4.241696357727051,"z":24.12356185913086},"rotation":{"x":0.30368977785110476,"y":-0.028291698545217515,"z":0.009028470143675805,"w":0.952318012714386},"size":3.6487038135528566,"orthographic":false}