{"cameraMode":{"drawMode":0,"name":"Shaded","section":"Shading Mode"},"sceneLighting":false,"audioPlay":false,"sceneViewState":{"showFog":false,"showMaterialUpdate":false,"showSkybox":false,"showFlares":false,"showImageEffects":false,"showParticleSystems":false},"in2DMode":false,"pivot":{"x":-2.0999999046325685,"y":0.8659466505050659,"z":-0.3999999761581421},"rotation":{"x":0.054031770676374438,"y":-0.9416007399559021,"z":0.27709531784057619,"w":0.1836223304271698},"size":6.453967571258545,"orthographic":false}