{"cameraMode":{"drawMode":0,"name":"Shaded","section":"Shading Mode"},"sceneLighting":false,"audioPlay":false,"sceneViewState":{"showFog":false,"showMaterialUpdate":false,"showSkybox":false,"showFlares":false,"showImageEffects":false,"showParticleSystems":false},"in2DMode":false,"pivot":{"x":0.019907832145690919,"y":0.8949950933456421,"z":0.0},"rotation":{"x":0.47480839490890505,"y":0.2842797636985779,"z":-0.16534775495529176,"w":0.8163515329360962},"size":5.763435363769531,"orthographic":false}