{"cameraMode":{"drawMode":0,"name":"Shaded","section":"Shading Mode"},"sceneLighting":false,"audioPlay":false,"sceneViewState":{"showFog":false,"showMaterialUpdate":false,"showSkybox":false,"showFlares":false,"showImageEffects":false,"showParticleSystems":false},"in2DMode":false,"pivot":{"x":0.052157461643218997,"y":1.1771466732025147,"z":-2.9339993000030519},"rotation":{"x":-0.026580609381198884,"y":0.91828453540802,"z":0.06263166666030884,"w":0.39007341861724856},"size":6.664220333099365,"orthographic":false}