{"cameraMode":{"drawMode":0,"name":"Shaded","section":"Shading Mode"},"sceneLighting":false,"audioPlay":false,"sceneViewState":{"showFog":false,"showMaterialUpdate":false,"showSkybox":false,"showFlares":false,"showImageEffects":false,"showParticleSystems":false},"in2DMode":false,"pivot":{"x":13.6899995803833,"y":0.7000000476837158,"z":11.539999961853028},"rotation":{"x":0.12750214338302613,"y":0.8664165735244751,"z":-0.39164289832115176,"w":0.2823724150657654},"size":2.415766716003418,"orthographic":false}