{"cameraMode":{"drawMode":0,"name":"Shaded","section":"Shading Mode"},"sceneLighting":false,"audioPlay":false,"sceneViewState":{"showFog":false,"showMaterialUpdate":false,"showSkybox":false,"showFlares":false,"showImageEffects":false,"showParticleSystems":false},"in2DMode":false,"pivot":{"x":0.3654193580150604,"y":-0.6003966927528381,"z":-0.5342501997947693},"rotation":{"x":0.10315865278244019,"y":0.5821990370750427,"z":-0.07487323880195618,"w":0.8030411601066589},"size":3.6440417766571047,"orthographic":false}