{"cameraMode":{"drawMode":0,"name":"Shaded","section":"Shading Mode"},"sceneLighting":false,"audioPlay":false,"sceneViewState":{"showFog":false,"showMaterialUpdate":false,"showSkybox":false,"showFlares":false,"showImageEffects":false,"showParticleSystems":false},"in2DMode":false,"pivot":{"x":-4.598029136657715,"y":1.8363642692565919,"z":72.66931915283203},"rotation":{"x":0.2014642059803009,"y":-0.12683387100696565,"z":0.026317713782191278,"w":0.9708956480026245},"size":10.10205078125,"orthographic":false}