{"cameraMode":{"drawMode":0,"name":"Shaded","section":"Shading Mode"},"sceneLighting":false,"audioPlay":false,"sceneViewState":{"showFog":false,"showMaterialUpdate":false,"showSkybox":false,"showFlares":false,"showImageEffects":false,"showParticleSystems":false},"in2DMode":false,"pivot":{"x":-15.939651489257813,"y":1.1698393821716309,"z":75.99039459228516},"rotation":{"x":0.4449971616268158,"y":0.02739684283733368,"z":-0.013617616146802903,"w":0.8950183391571045},"size":6.576117515563965,"orthographic":false}