{"cameraMode":{"drawMode":0,"name":"Shaded","section":"Shading Mode"},"sceneLighting":false,"audioPlay":false,"sceneViewState":{"showFog":false,"showMaterialUpdate":false,"showSkybox":false,"showFlares":false,"showImageEffects":false,"showParticleSystems":false},"in2DMode":false,"pivot":{"x":0.0,"y":-0.004999980330467224,"z":0.05000000074505806},"rotation":{"x":0.3948982357978821,"y":-0.03167635574936867,"z":0.013627469539642334,"w":0.9180830121040344},"size":1.7811594009399415,"orthographic":false}