{"cameraMode":{"drawMode":0,"name":"Shaded","section":"Shading Mode"},"sceneLighting":false,"audioPlay":false,"sceneViewState":{"showFog":false,"showMaterialUpdate":false,"showSkybox":false,"showFlares":false,"showImageEffects":false,"showParticleSystems":false},"in2DMode":false,"pivot":{"x":-6.760000228881836,"y":4.247979640960693,"z":24.200000762939454},"rotation":{"x":0.3243104815483093,"y":-0.06916000694036484,"z":0.023788252845406534,"w":0.9431287050247192},"size":3.6487009525299074,"orthographic":false}