{"cameraMode":{"drawMode":0,"name":"Shaded","section":"Shading Mode"},"sceneLighting":false,"audioPlay":false,"sceneViewState":{"showFog":false,"showMaterialUpdate":false,"showSkybox":false,"showFlares":false,"showImageEffects":false,"showParticleSystems":false},"in2DMode":false,"pivot":{"x":3.291480302810669,"y":1.2799999713897706,"z":9.483917236328125},"rotation":{"x":-0.0956031009554863,"y":0.7747616171836853,"z":-0.12058946490287781,"w":-0.6132821440696716},"size":5.715766906738281,"orthographic":false}