{"cameraMode":{"drawMode":0,"name":"Shaded","section":"Shading Mode"},"sceneLighting":false,"audioPlay":false,"sceneViewState":{"showFog":false,"showMaterialUpdate":false,"showSkybox":false,"showFlares":false,"showImageEffects":false,"showParticleSystems":false},"in2DMode":false,"pivot":{"x":10.149999618530274,"y":1.4000000953674317,"z":12.600000381469727},"rotation":{"x":0.10000848770141602,"y":0.4006875455379486,"z":-0.0440550334751606,"w":0.9096800684928894},"size":8.002074241638184,"orthographic":false}