{"cameraMode":{"drawMode":0,"name":"Shaded","section":"Shading Mode"},"sceneLighting":false,"audioPlay":false,"sceneViewState":{"showFog":false,"showMaterialUpdate":false,"showSkybox":false,"showFlares":false,"showImageEffects":false,"showParticleSystems":false},"in2DMode":false,"pivot":{"x":0.32122665643692019,"y":0.6197355389595032,"z":0.0673958957195282},"rotation":{"x":0.47480839490890505,"y":0.2842797636985779,"z":-0.16534775495529176,"w":0.8163515329360962},"size":2.0195271968841554,"orthographic":false}