{"cameraMode":{"drawMode":0,"name":"Shaded","section":"Shading Mode"},"sceneLighting":false,"audioPlay":false,"sceneViewState":{"showFog":false,"showMaterialUpdate":false,"showSkybox":false,"showFlares":false,"showImageEffects":false,"showParticleSystems":false},"in2DMode":false,"pivot":{"x":115.77031707763672,"y":-58.30965805053711,"z":45.44247055053711},"rotation":{"x":0.3243104815483093,"y":-0.06916000694036484,"z":0.023788252845406534,"w":0.9431287050247192},"size":1427.98583984375,"orthographic":false}