{"cameraMode":{"drawMode":0,"name":"Shaded","section":"Shading Mode"},"sceneLighting":false,"audioPlay":false,"sceneViewState":{"showFog":false,"showMaterialUpdate":false,"showSkybox":false,"showFlares":false,"showImageEffects":false,"showParticleSystems":false},"in2DMode":false,"pivot":{"x":14.95231819152832,"y":1.335936188697815,"z":12.814697265625},"rotation":{"x":0.21687258780002595,"y":0.028110075742006303,"z":-0.006244284566491842,"w":0.9757803678512573},"size":7.629573345184326,"orthographic":false}