{"cameraMode":{"drawMode":0,"name":"Shaded","section":"Shading Mode"},"sceneLighting":false,"audioPlay":false,"sceneViewState":{"showFog":false,"showMaterialUpdate":false,"showSkybox":false,"showFlares":false,"showImageEffects":false,"showParticleSystems":false},"in2DMode":false,"pivot":{"x":0.0007441043853759766,"y":0.0,"z":-0.023298680782318116},"rotation":{"x":0.006612264551222324,"y":0.9933310151100159,"z":-0.08545180410146713,"w":0.07762724161148071},"size":2.6065430641174318,"orthographic":false}