{"cameraMode":{"drawMode":0,"name":"Shaded","section":"Shading Mode"},"sceneLighting":false,"audioPlay":false,"sceneViewState":{"showFog":false,"showMaterialUpdate":false,"showSkybox":false,"showFlares":false,"showImageEffects":false,"showParticleSystems":false},"in2DMode":false,"pivot":{"x":-11.484678268432618,"y":5.403905868530273,"z":22.701873779296876},"rotation":{"x":-0.12133237719535828,"y":0.055669791996479037,"z":-0.006626904010772705,"w":-0.9910781979560852},"size":85.47464752197266,"orthographic":false}