{"cameraMode":{"drawMode":0,"name":"Shaded","section":"Shading Mode"},"sceneLighting":false,"audioPlay":false,"sceneViewState":{"showFog":false,"showMaterialUpdate":false,"showSkybox":false,"showFlares":false,"showImageEffects":false,"showParticleSystems":false},"in2DMode":false,"pivot":{"x":0.006286680698394775,"y":1.0158326625823975,"z":0.014112293720245362},"rotation":{"x":-0.06784896552562714,"y":0.9216734170913696,"z":-0.1880894899368286,"w":-0.3324725329875946},"size":4.62649393081665,"orthographic":false}