{"cameraMode":{"drawMode":0,"name":"Shaded","section":"Shading Mode"},"sceneLighting":false,"audioPlay":false,"sceneViewState":{"showFog":false,"showMaterialUpdate":false,"showSkybox":false,"showFlares":false,"showImageEffects":false,"showParticleSystems":false},"in2DMode":false,"pivot":{"x":-7.638680458068848,"y":0.38415199518203738,"z":0.10868453979492188},"rotation":{"x":-0.061766304075717929,"y":-0.011380805633962155,"z":0.0007044647354632616,"w":-0.9980261325836182},"size":4.999998092651367,"orthographic":false}