{"cameraMode":{"drawMode":0,"name":"Shaded","section":"Shading Mode"},"sceneLighting":false,"audioPlay":false,"sceneViewState":{"showFog":false,"showMaterialUpdate":false,"showSkybox":false,"showFlares":false,"showImageEffects":false,"showParticleSystems":false},"in2DMode":false,"pivot":{"x":-11.785470962524414,"y":-15.852280616760254,"z":17.286815643310548},"rotation":{"x":0.25981172919273379,"y":-0.20971986651420594,"z":0.05779775232076645,"w":0.9408723711967468},"size":16.383895874023439,"orthographic":true}