{"cameraMode":{"drawMode":0,"name":"Shaded","section":"Shading Mode"},"sceneLighting":false,"audioPlay":false,"sceneViewState":{"showFog":false,"showMaterialUpdate":false,"showSkybox":false,"showFlares":false,"showImageEffects":false,"showParticleSystems":false},"in2DMode":false,"pivot":{"x":2.027303695678711,"y":-0.140000581741333,"z":2.5379154682159426},"rotation":{"x":0.18213069438934327,"y":-0.706534743309021,"z":0.1964559704065323,"w":0.6550366282463074},"size":9.862693786621094,"orthographic":false}