{"cameraMode":{"drawMode":0,"name":"Shaded","section":"Shading Mode"},"sceneLighting":false,"audioPlay":false,"sceneViewState":{"showFog":false,"showMaterialUpdate":false,"showSkybox":false,"showFlares":false,"showImageEffects":false,"showParticleSystems":false},"in2DMode":false,"pivot":{"x":167.76092529296876,"y":105.70024871826172,"z":202.5974578857422},"rotation":{"x":0.12489469349384308,"y":0.08649863302707672,"z":-0.010930560529232026,"w":0.988345742225647},"size":283.7770690917969,"orthographic":false}