{"cameraMode":{"drawMode":0,"name":"Shaded","section":"Shading Mode"},"sceneLighting":false,"audioPlay":false,"sceneViewState":{"showFog":false,"showMaterialUpdate":false,"showSkybox":false,"showFlares":false,"showImageEffects":false,"showParticleSystems":false},"in2DMode":false,"pivot":{"x":1.1500000953674317,"y":3.7899999618530275,"z":13.845001220703125},"rotation":{"x":0.0885622501373291,"y":0.8730766177177429,"z":-0.44724541902542117,"w":0.172989621758461},"size":20.348133087158204,"orthographic":false}