{"cameraMode":{"drawMode":0,"name":"Shaded","section":"Shading Mode"},"sceneLighting":false,"audioPlay":false,"sceneViewState":{"showFog":false,"showMaterialUpdate":false,"showSkybox":false,"showFlares":false,"showImageEffects":false,"showParticleSystems":false},"in2DMode":false,"pivot":{"x":-6.115765571594238,"y":18.020708084106447,"z":61.72874069213867},"rotation":{"x":-0.4554937481880188,"y":-0.34739643335342409,"z":0.19898200035095216,"w":-0.7951545715332031},"size":3.6487038135528566,"orthographic":false}